"filename", "language", "JSON", "JSON with Comments", "TypeScript", "SCSS", "HTML", "XML", "Markdown", "JavaScript", "comment", "blank", "total"
"d:\bubbleApp\BubbleApp-Mobile\.eslintrc.json", "JSON", 47, 0, 0, 0, 0, 0, 0, 0, 0, 1, 48
"d:\bubbleApp\BubbleApp-Mobile\.well-known\assetlinks.json", "JSON", 12, 0, 0, 0, 0, 0, 0, 0, 0, 1, 13
"d:\bubbleApp\BubbleApp-Mobile\README.md", "Markdown", 0, 0, 0, 0, 0, 0, 103, 0, 0, 44, 147
"d:\bubbleApp\BubbleApp-Mobile\angular.json", "JSON", 133, 0, 0, 0, 0, 0, 0, 0, 20, 2, 155
"d:\bubbleApp\BubbleApp-Mobile\assetlinks.json", "JSON", 12, 0, 0, 0, 0, 0, 0, 0, 0, 1, 13
"d:\bubbleApp\BubbleApp-Mobile\capacitor.config.ts", "TypeScript", 0, 0, 27, 0, 0, 0, 0, 0, 0, 4, 31
"d:\bubbleApp\BubbleApp-Mobile\cypress.config.ts", "TypeScript", 0, 0, 8, 0, 0, 0, 0, 0, 1, 2, 11
"d:\bubbleApp\BubbleApp-Mobile\cypress\e2e\1-getting-started\todo.cy.js", "JavaScript", 0, 0, 0, 0, 0, 0, 0, 58, 66, 20, 144
"d:\bubbleApp\BubbleApp-Mobile\cypress\e2e\2-advanced-examples\actions.cy.js", "JavaScript", 0, 0, 0, 0, 0, 0, 0, 146, 92, 62, 300
"d:\bubbleApp\BubbleApp-Mobile\cypress\e2e\2-advanced-examples\aliasing.cy.js", "JavaScript", 0, 0, 0, 0, 0, 0, 0, 15, 18, 7, 40
"d:\bubbleApp\BubbleApp-Mobile\cypress\e2e\2-advanced-examples\assertions.cy.js", "JavaScript", 0, 0, 0, 0, 0, 0, 0, 107, 43, 27, 177
"d:\bubbleApp\BubbleApp-Mobile\cypress\e2e\2-advanced-examples\connectors.cy.js", "JavaScript", 0, 0, 0, 0, 0, 0, 0, 69, 16, 13, 98
"d:\bubbleApp\BubbleApp-Mobile\cypress\e2e\2-advanced-examples\cookies.cy.js", "JavaScript", 0, 0, 0, 0, 0, 0, 0, 42, 14, 22, 78
"d:\bubbleApp\BubbleApp-Mobile\cypress\e2e\2-advanced-examples\cypress_api.cy.js", "JavaScript", 0, 0, 0, 0, 0, 0, 0, 126, 35, 40, 201
"d:\bubbleApp\BubbleApp-Mobile\cypress\e2e\2-advanced-examples\files.cy.js", "JavaScript", 0, 0, 0, 0, 0, 0, 0, 10, 72, 6, 88
"d:\bubbleApp\BubbleApp-Mobile\cypress\e2e\2-advanced-examples\local_storage.cy.js", "JavaScript", 0, 0, 0, 0, 0, 0, 0, 37, 8, 8, 53
"d:\bubbleApp\BubbleApp-Mobile\cypress\e2e\2-advanced-examples\location.cy.js", "JavaScript", 0, 0, 0, 0, 0, 0, 0, 24, 4, 5, 33
"d:\bubbleApp\BubbleApp-Mobile\cypress\e2e\2-advanced-examples\misc.cy.js", "JavaScript", 0, 0, 0, 0, 0, 0, 0, 63, 21, 21, 105
"d:\bubbleApp\BubbleApp-Mobile\cypress\e2e\2-advanced-examples\navigation.cy.js", "JavaScript", 0, 0, 0, 0, 0, 0, 0, 33, 11, 13, 57
"d:\bubbleApp\BubbleApp-Mobile\cypress\e2e\2-advanced-examples\network_requests.cy.js", "JavaScript", 0, 0, 0, 0, 0, 0, 0, 89, 61, 14, 164
"d:\bubbleApp\BubbleApp-Mobile\cypress\e2e\2-advanced-examples\querying.cy.js", "JavaScript", 0, 0, 0, 0, 0, 0, 0, 60, 28, 27, 115
"d:\bubbleApp\BubbleApp-Mobile\cypress\e2e\2-advanced-examples\spies_stubs_clocks.cy.js", "JavaScript", 0, 0, 0, 0, 0, 0, 0, 100, 59, 45, 204
"d:\bubbleApp\BubbleApp-Mobile\cypress\e2e\2-advanced-examples\traversal.cy.js", "JavaScript", 0, 0, 0, 0, 0, 0, 0, 83, 19, 20, 122
"d:\bubbleApp\BubbleApp-Mobile\cypress\e2e\2-advanced-examples\utilities.cy.js", "JavaScript", 0, 0, 0, 0, 0, 0, 0, 52, 43, 14, 109
"d:\bubbleApp\BubbleApp-Mobile\cypress\e2e\2-advanced-examples\viewport.cy.js", "JavaScript", 0, 0, 0, 0, 0, 0, 0, 37, 12, 11, 60
"d:\bubbleApp\BubbleApp-Mobile\cypress\e2e\2-advanced-examples\waiting.cy.js", "JavaScript", 0, 0, 0, 0, 0, 0, 0, 14, 15, 3, 32
"d:\bubbleApp\BubbleApp-Mobile\cypress\e2e\2-advanced-examples\window.cy.js", "JavaScript", 0, 0, 0, 0, 0, 0, 0, 14, 4, 5, 23
"d:\bubbleApp\BubbleApp-Mobile\cypress\e2e\angular\edit-profile.cy.js", "JavaScript", 0, 0, 0, 0, 0, 0, 0, 37, 11, 16, 64
"d:\bubbleApp\BubbleApp-Mobile\cypress\e2e\angular\sample.cy.js", "JavaScript", 0, 0, 0, 0, 0, 0, 0, 33, 7, 9, 49
"d:\bubbleApp\BubbleApp-Mobile\cypress\e2e\angular\signup.cy.js", "JavaScript", 0, 0, 0, 0, 0, 0, 0, 28, 2, 6, 36
"d:\bubbleApp\BubbleApp-Mobile\cypress\fixtures\example.json", "JSON", 5, 0, 0, 0, 0, 0, 0, 0, 0, 1, 6
"d:\bubbleApp\BubbleApp-Mobile\cypress\support\commands.ts", "TypeScript", 0, 0, 12, 0, 0, 0, 0, 0, 36, 3, 51
"d:\bubbleApp\BubbleApp-Mobile\cypress\support\e2e.ts", "TypeScript", 0, 0, 1, 0, 0, 0, 0, 0, 17, 2, 20
"d:\bubbleApp\BubbleApp-Mobile\cypress\support\indes.d.ts", "TypeScript", 0, 0, 6, 0, 0, 0, 0, 0, 5, 2, 13
"d:\bubbleApp\BubbleApp-Mobile\ionic.config.json", "JSON", 7, 0, 0, 0, 0, 0, 0, 0, 0, 1, 8
"d:\bubbleApp\BubbleApp-Mobile\karma.conf.js", "JavaScript", 0, 0, 0, 0, 0, 0, 0, 37, 6, 2, 45
"d:\bubbleApp\BubbleApp-Mobile\package-lock.json", "JSON", 31411, 0, 0, 0, 0, 0, 0, 0, 0, 1, 31412
"d:\bubbleApp\BubbleApp-Mobile\package.json", "JSON", 92, 0, 0, 0, 0, 0, 0, 0, 0, 1, 93
"d:\bubbleApp\BubbleApp-Mobile\src\app\app-routing.module.ts", "TypeScript", 0, 0, 95, 0, 0, 0, 0, 0, 0, 3, 98
"d:\bubbleApp\BubbleApp-Mobile\src\app\app.component.html", "HTML", 0, 0, 0, 0, 3, 0, 0, 0, 7, 1, 11
"d:\bubbleApp\BubbleApp-Mobile\src\app\app.component.scss", "SCSS", 0, 0, 0, 8, 0, 0, 0, 0, 0, 1, 9
"d:\bubbleApp\BubbleApp-Mobile\src\app\app.component.spec.ts", "TypeScript", 0, 0, 21, 0, 0, 0, 0, 0, 1, 4, 26
"d:\bubbleApp\BubbleApp-Mobile\src\app\app.component.ts", "TypeScript", 0, 0, 224, 0, 0, 0, 0, 0, 21, 27, 272
"d:\bubbleApp\BubbleApp-Mobile\src\app\app.module.ts", "TypeScript", 0, 0, 35, 0, 0, 0, 0, 0, 0, 4, 39
"d:\bubbleApp\BubbleApp-Mobile\src\app\configuration.ts", "TypeScript", 0, 0, 20, 0, 0, 0, 0, 0, 2, 2, 24
"d:\bubbleApp\BubbleApp-Mobile\src\app\directives\common-directive.module.ts", "TypeScript", 0, 0, 22, 0, 0, 0, 0, 0, 0, 2, 24
"d:\bubbleApp\BubbleApp-Mobile\src\app\directives\common-directives\char-only.directive.ts", "TypeScript", 0, 0, 18, 0, 0, 0, 0, 0, 1, 4, 23
"d:\bubbleApp\BubbleApp-Mobile\src\app\directives\common-directives\conver-string-to-int.directive.spec.ts", "TypeScript", 0, 0, 7, 0, 0, 0, 0, 0, 0, 2, 9
"d:\bubbleApp\BubbleApp-Mobile\src\app\directives\common-directives\conver-string-to-int.directive.ts", "TypeScript", 0, 0, 26, 0, 0, 0, 0, 0, 0, 7, 33
"d:\bubbleApp\BubbleApp-Mobile\src\app\directives\common-directives\phone-mask.directive.ts", "TypeScript", 0, 0, 35, 0, 0, 0, 0, 0, 1, 6, 42
"d:\bubbleApp\BubbleApp-Mobile\src\app\directives\common-directives\thousand-spreater.directive.spec.ts", "TypeScript", 0, 0, 7, 0, 0, 0, 0, 0, 0, 2, 9
"d:\bubbleApp\BubbleApp-Mobile\src\app\directives\common-directives\thousand-spreater.directive.ts", "TypeScript", 0, 0, 38, 0, 0, 0, 0, 0, 0, 3, 41
"d:\bubbleApp\BubbleApp-Mobile\src\app\guard\auth.guard.ts", "TypeScript", 0, 0, 35, 0, 0, 0, 0, 0, 1, 3, 39
"d:\bubbleApp\BubbleApp-Mobile\src\app\helpers\emailValidation.ts", "TypeScript", 0, 0, 1, 0, 0, 0, 0, 0, 0, 1, 2
"d:\bubbleApp\BubbleApp-Mobile\src\app\helpers\whiteSpaceValidator.ts", "TypeScript", 0, 0, 9, 0, 0, 0, 0, 0, 0, 2, 11
"d:\bubbleApp\BubbleApp-Mobile\src\app\interceptor\error.interceptor.ts", "TypeScript", 0, 0, 36, 0, 0, 0, 0, 0, 4, 4, 44
"d:\bubbleApp\BubbleApp-Mobile\src\app\pages\auth-module\auth-module-routing.module.ts", "TypeScript", 0, 0, 52, 0, 0, 0, 0, 0, 0, 3, 55
"d:\bubbleApp\BubbleApp-Mobile\src\app\pages\auth-module\auth-module.module.ts", "TypeScript", 0, 0, 17, 0, 0, 0, 0, 0, 0, 3, 20
"d:\bubbleApp\BubbleApp-Mobile\src\app\pages\auth-module\auth-module.service.spec.ts", "TypeScript", 0, 0, 12, 0, 0, 0, 0, 0, 0, 5, 17
"d:\bubbleApp\BubbleApp-Mobile\src\app\pages\auth-module\auth-module.service.ts", "TypeScript", 0, 0, 10, 0, 0, 0, 0, 0, 0, 2, 12
"d:\bubbleApp\BubbleApp-Mobile\src\app\pages\auth-module\forgot-password\forgot-password-routing.module.ts", "TypeScript", 0, 0, 14, 0, 0, 0, 0, 0, 0, 4, 18
"d:\bubbleApp\BubbleApp-Mobile\src\app\pages\auth-module\forgot-password\forgot-password.module.ts", "TypeScript", 0, 0, 17, 0, 0, 0, 0, 0, 0, 5, 22
"d:\bubbleApp\BubbleApp-Mobile\src\app\pages\auth-module\forgot-password\forgot-password.page.html", "HTML", 0, 0, 0, 0, 124, 0, 0, 0, 1, 7, 132
"d:\bubbleApp\BubbleApp-Mobile\src\app\pages\auth-module\forgot-password\forgot-password.page.scss", "SCSS", 0, 0, 0, 486, 0, 0, 0, 0, 16, 12, 514
"d:\bubbleApp\BubbleApp-Mobile\src\app\pages\auth-module\forgot-password\forgot-password.page.spec.ts", "TypeScript", 0, 0, 77, 0, 0, 0, 0, 0, 0, 5, 82
"d:\bubbleApp\BubbleApp-Mobile\src\app\pages\auth-module\forgot-password\forgot-password.page.ts", "TypeScript", 0, 0, 63, 0, 0, 0, 0, 0, 0, 7, 70
"d:\bubbleApp\BubbleApp-Mobile\src\app\pages\auth-module\login\login-routing.module.ts", "TypeScript", 0, 0, 14, 0, 0, 0, 0, 0, 0, 4, 18
"d:\bubbleApp\BubbleApp-Mobile\src\app\pages\auth-module\login\login.module.ts", "TypeScript", 0, 0, 18, 0, 0, 0, 0, 0, 0, 5, 23
"d:\bubbleApp\BubbleApp-Mobile\src\app\pages\auth-module\login\login.page.html", "HTML", 0, 0, 0, 0, 161, 0, 0, 0, 3, 12, 176
"d:\bubbleApp\BubbleApp-Mobile\src\app\pages\auth-module\login\login.page.scss", "SCSS", 0, 0, 0, 496, 0, 0, 0, 0, 20, 18, 534
"d:\bubbleApp\BubbleApp-Mobile\src\app\pages\auth-module\login\login.page.spec.ts", "TypeScript", 0, 0, 108, 0, 0, 0, 0, 0, 0, 11, 119
"d:\bubbleApp\BubbleApp-Mobile\src\app\pages\auth-module\login\login.page.ts", "TypeScript", 0, 0, 219, 0, 0, 0, 0, 0, 5, 22, 246
"d:\bubbleApp\BubbleApp-Mobile\src\app\pages\auth-module\reset-password\reset-password-routing.module.ts", "TypeScript", 0, 0, 14, 0, 0, 0, 0, 0, 0, 4, 18
"d:\bubbleApp\BubbleApp-Mobile\src\app\pages\auth-module\reset-password\reset-password.module.ts", "TypeScript", 0, 0, 20, 0, 0, 0, 0, 0, 0, 5, 25
"d:\bubbleApp\BubbleApp-Mobile\src\app\pages\auth-module\reset-password\reset-password.page.html", "HTML", 0, 0, 0, 0, 244, 0, 0, 0, 1, 9, 254
"d:\bubbleApp\BubbleApp-Mobile\src\app\pages\auth-module\reset-password\reset-password.page.scss", "SCSS", 0, 0, 0, 502, 0, 0, 0, 0, 16, 13, 531
"d:\bubbleApp\BubbleApp-Mobile\src\app\pages\auth-module\reset-password\reset-password.page.spec.ts", "TypeScript", 0, 0, 79, 0, 0, 0, 0, 0, 0, 12, 91
"d:\bubbleApp\BubbleApp-Mobile\src\app\pages\auth-module\reset-password\reset-password.page.ts", "TypeScript", 0, 0, 136, 0, 0, 0, 0, 0, 0, 13, 149
"d:\bubbleApp\BubbleApp-Mobile\src\app\pages\auth-module\signup-details\signup-details-routing.module.ts", "TypeScript", 0, 0, 14, 0, 0, 0, 0, 0, 0, 4, 18
"d:\bubbleApp\BubbleApp-Mobile\src\app\pages\auth-module\signup-details\signup-details.module.ts", "TypeScript", 0, 0, 20, 0, 0, 0, 0, 0, 0, 5, 25
"d:\bubbleApp\BubbleApp-Mobile\src\app\pages\auth-module\signup-details\signup-details.page.html", "HTML", 0, 0, 0, 0, 462, 0, 0, 0, 8, 12, 482
"d:\bubbleApp\BubbleApp-Mobile\src\app\pages\auth-module\signup-details\signup-details.page.scss", "SCSS", 0, 0, 0, 648, 0, 0, 0, 0, 22, 17, 687
"d:\bubbleApp\BubbleApp-Mobile\src\app\pages\auth-module\signup-details\signup-details.page.spec.ts", "TypeScript", 0, 0, 28, 0, 0, 0, 0, 0, 0, 6, 34
"d:\bubbleApp\BubbleApp-Mobile\src\app\pages\auth-module\signup-details\signup-details.page.ts", "TypeScript", 0, 0, 257, 0, 0, 0, 0, 0, 4, 34, 295
"d:\bubbleApp\BubbleApp-Mobile\src\app\pages\auth-module\signup\signup-routing.module.ts", "TypeScript", 0, 0, 14, 0, 0, 0, 0, 0, 0, 4, 18
"d:\bubbleApp\BubbleApp-Mobile\src\app\pages\auth-module\signup\signup.module.ts", "TypeScript", 0, 0, 19, 0, 0, 0, 0, 0, 0, 7, 26
"d:\bubbleApp\BubbleApp-Mobile\src\app\pages\auth-module\signup\signup.page.html", "HTML", 0, 0, 0, 0, 270, 0, 0, 0, 3, 12, 285
"d:\bubbleApp\BubbleApp-Mobile\src\app\pages\auth-module\signup\signup.page.scss", "SCSS", 0, 0, 0, 513, 0, 0, 0, 0, 16, 27, 556
"d:\bubbleApp\BubbleApp-Mobile\src\app\pages\auth-module\signup\signup.page.spec.ts", "TypeScript", 0, 0, 103, 0, 0, 0, 0, 0, 0, 6, 109
"d:\bubbleApp\BubbleApp-Mobile\src\app\pages\auth-module\signup\signup.page.ts", "TypeScript", 0, 0, 68, 0, 0, 0, 0, 0, 0, 10, 78
"d:\bubbleApp\BubbleApp-Mobile\src\app\pages\auth-module\verify-otp\verify-otp-routing.module.ts", "TypeScript", 0, 0, 14, 0, 0, 0, 0, 0, 0, 4, 18
"d:\bubbleApp\BubbleApp-Mobile\src\app\pages\auth-module\verify-otp\verify-otp.module.ts", "TypeScript", 0, 0, 20, 0, 0, 0, 0, 0, 0, 5, 25
"d:\bubbleApp\BubbleApp-Mobile\src\app\pages\auth-module\verify-otp\verify-otp.page.html", "HTML", 0, 0, 0, 0, 84, 0, 0, 0, 6, 8, 98
"d:\bubbleApp\BubbleApp-Mobile\src\app\pages\auth-module\verify-otp\verify-otp.page.scss", "SCSS", 0, 0, 0, 461, 0, 0, 0, 0, 16, 13, 490
"d:\bubbleApp\BubbleApp-Mobile\src\app\pages\auth-module\verify-otp\verify-otp.page.spec.ts", "TypeScript", 0, 0, 0, 0, 0, 0, 0, 0, 29, 7, 36
"d:\bubbleApp\BubbleApp-Mobile\src\app\pages\auth-module\verify-otp\verify-otp.page.ts", "TypeScript", 0, 0, 178, 0, 0, 0, 0, 0, 1, 21, 200
"d:\bubbleApp\BubbleApp-Mobile\src\app\pages\bubble-screen-list\bubble-screen-list-routing.module.ts", "TypeScript", 0, 0, 14, 0, 0, 0, 0, 0, 0, 4, 18
"d:\bubbleApp\BubbleApp-Mobile\src\app\pages\bubble-screen-list\bubble-screen-list.module.ts", "TypeScript", 0, 0, 19, 0, 0, 0, 0, 0, 0, 5, 24
"d:\bubbleApp\BubbleApp-Mobile\src\app\pages\bubble-screen-list\bubble-screen-list.page.html", "HTML", 0, 0, 0, 0, 118, 0, 0, 0, 1, 7, 126
"d:\bubbleApp\BubbleApp-Mobile\src\app\pages\bubble-screen-list\bubble-screen-list.page.scss", "SCSS", 0, 0, 0, 346, 0, 0, 0, 0, 0, 8, 354
"d:\bubbleApp\BubbleApp-Mobile\src\app\pages\bubble-screen-list\bubble-screen-list.page.spec.ts", "TypeScript", 0, 0, 19, 0, 0, 0, 0, 0, 0, 6, 25
"d:\bubbleApp\BubbleApp-Mobile\src\app\pages\bubble-screen-list\bubble-screen-list.page.ts", "TypeScript", 0, 0, 134, 0, 0, 0, 0, 0, 0, 11, 145
"d:\bubbleApp\BubbleApp-Mobile\src\app\pages\bubble-screen\bubble-animations.scss", "SCSS", 0, 0, 0, 0, 0, 0, 0, 0, 0, 1, 1
"d:\bubbleApp\BubbleApp-Mobile\src\app\pages\bubble-screen\bubble-screen-routing.module.ts", "TypeScript", 0, 0, 14, 0, 0, 0, 0, 0, 0, 4, 18
"d:\bubbleApp\BubbleApp-Mobile\src\app\pages\bubble-screen\bubble-screen.module.ts", "TypeScript", 0, 0, 18, 0, 0, 0, 0, 0, 0, 5, 23
"d:\bubbleApp\BubbleApp-Mobile\src\app\pages\bubble-screen\bubble-screen.page.html", "HTML", 0, 0, 0, 0, 71, 0, 0, 0, 310, 12, 393
"d:\bubbleApp\BubbleApp-Mobile\src\app\pages\bubble-screen\bubble-screen.page.scss", "SCSS", 0, 0, 0, 1061, 0, 0, 0, 0, 44, 68, 1173
"d:\bubbleApp\BubbleApp-Mobile\src\app\pages\bubble-screen\bubble-screen.page.spec.ts", "TypeScript", 0, 0, 35, 0, 0, 0, 0, 0, 1, 6, 42
"d:\bubbleApp\BubbleApp-Mobile\src\app\pages\bubble-screen\bubble-screen.page.ts", "TypeScript", 0, 0, 83, 0, 0, 0, 0, 0, 0, 9, 92
"d:\bubbleApp\BubbleApp-Mobile\src\app\pages\home\home-page\home-page-routing.module.ts", "TypeScript", 0, 0, 14, 0, 0, 0, 0, 0, 0, 4, 18
"d:\bubbleApp\BubbleApp-Mobile\src\app\pages\home\home-page\home-page.module.ts", "TypeScript", 0, 0, 18, 0, 0, 0, 0, 0, 0, 5, 23
"d:\bubbleApp\BubbleApp-Mobile\src\app\pages\home\home-page\home-page.page.html", "HTML", 0, 0, 0, 0, 67, 0, 0, 0, 10, 9, 86
"d:\bubbleApp\BubbleApp-Mobile\src\app\pages\home\home-page\home-page.page.scss", "SCSS", 0, 0, 0, 1049, 0, 0, 0, 0, 20, 64, 1133
"d:\bubbleApp\BubbleApp-Mobile\src\app\pages\home\home-page\home-page.page.spec.ts", "TypeScript", 0, 0, 19, 0, 0, 0, 0, 0, 0, 6, 25
"d:\bubbleApp\BubbleApp-Mobile\src\app\pages\home\home-page\home-page.page.ts", "TypeScript", 0, 0, 72, 0, 0, 0, 0, 0, 0, 7, 79
"d:\bubbleApp\BubbleApp-Mobile\src\app\pages\home\home-routing.module.ts", "TypeScript", 0, 0, 23, 0, 0, 0, 0, 0, 0, 4, 27
"d:\bubbleApp\BubbleApp-Mobile\src\app\pages\home\home.module.ts", "TypeScript", 0, 0, 8, 0, 0, 0, 0, 0, 0, 2, 10
"d:\bubbleApp\BubbleApp-Mobile\src\app\pages\home\profile\edit-profile\edit-profile-routing.module.ts", "TypeScript", 0, 0, 14, 0, 0, 0, 0, 0, 0, 4, 18
"d:\bubbleApp\BubbleApp-Mobile\src\app\pages\home\profile\edit-profile\edit-profile.module.ts", "TypeScript", 0, 0, 21, 0, 0, 0, 0, 0, 0, 5, 26
"d:\bubbleApp\BubbleApp-Mobile\src\app\pages\home\profile\edit-profile\edit-profile.page.html", "HTML", 0, 0, 0, 0, 301, 0, 0, 0, 2, 12, 315
"d:\bubbleApp\BubbleApp-Mobile\src\app\pages\home\profile\edit-profile\edit-profile.page.scss", "SCSS", 0, 0, 0, 644, 0, 0, 0, 0, 10, 16, 670
"d:\bubbleApp\BubbleApp-Mobile\src\app\pages\home\profile\edit-profile\edit-profile.page.spec.ts", "TypeScript", 0, 0, 19, 0, 0, 0, 0, 0, 0, 6, 25
"d:\bubbleApp\BubbleApp-Mobile\src\app\pages\home\profile\edit-profile\edit-profile.page.ts", "TypeScript", 0, 0, 338, 0, 0, 0, 0, 0, 0, 38, 376
"d:\bubbleApp\BubbleApp-Mobile\src\app\pages\home\profile\view-profile\change-password\change-password.component.html", "HTML", 0, 0, 0, 0, 232, 0, 0, 0, 0, 5, 237
"d:\bubbleApp\BubbleApp-Mobile\src\app\pages\home\profile\view-profile\change-password\change-password.component.scss", "SCSS", 0, 0, 0, 372, 0, 0, 0, 0, 2, 6, 380
"d:\bubbleApp\BubbleApp-Mobile\src\app\pages\home\profile\view-profile\change-password\change-password.component.ts", "TypeScript", 0, 0, 127, 0, 0, 0, 0, 0, 0, 10, 137
"d:\bubbleApp\BubbleApp-Mobile\src\app\pages\home\profile\view-profile\view-profile-routing.module.ts", "TypeScript", 0, 0, 14, 0, 0, 0, 0, 0, 0, 4, 18
"d:\bubbleApp\BubbleApp-Mobile\src\app\pages\home\profile\view-profile\view-profile.module.ts", "TypeScript", 0, 0, 20, 0, 0, 0, 0, 0, 0, 5, 25
"d:\bubbleApp\BubbleApp-Mobile\src\app\pages\home\profile\view-profile\view-profile.page.html", "HTML", 0, 0, 0, 0, 256, 0, 0, 0, 2, 12, 270
"d:\bubbleApp\BubbleApp-Mobile\src\app\pages\home\profile\view-profile\view-profile.page.scss", "SCSS", 0, 0, 0, 990, 0, 0, 0, 0, 5, 22, 1017
"d:\bubbleApp\BubbleApp-Mobile\src\app\pages\home\profile\view-profile\view-profile.page.ts", "TypeScript", 0, 0, 135, 0, 0, 0, 0, 0, 1, 13, 149
"d:\bubbleApp\BubbleApp-Mobile\src\app\pages\invoice\invoice-routing.module.ts", "TypeScript", 0, 0, 14, 0, 0, 0, 0, 0, 0, 4, 18
"d:\bubbleApp\BubbleApp-Mobile\src\app\pages\invoice\invoice.module.ts", "TypeScript", 0, 0, 17, 0, 0, 0, 0, 0, 0, 5, 22
"d:\bubbleApp\BubbleApp-Mobile\src\app\pages\invoice\invoice.page.html", "HTML", 0, 0, 0, 0, 246, 0, 0, 0, 3, 14, 263
"d:\bubbleApp\BubbleApp-Mobile\src\app\pages\invoice\invoice.page.scss", "SCSS", 0, 0, 0, 888, 0, 0, 0, 0, 6, 27, 921
"d:\bubbleApp\BubbleApp-Mobile\src\app\pages\invoice\invoice.page.spec.ts", "TypeScript", 0, 0, 19, 0, 0, 0, 0, 0, 0, 6, 25
"d:\bubbleApp\BubbleApp-Mobile\src\app\pages\invoice\invoice.page.ts", "TypeScript", 0, 0, 22, 0, 0, 0, 0, 0, 0, 5, 27
"d:\bubbleApp\BubbleApp-Mobile\src\app\pages\invoice\terms-of-service\terms-of-service.component.html", "HTML", 0, 0, 0, 0, 49, 0, 0, 0, 1, 3, 53
"d:\bubbleApp\BubbleApp-Mobile\src\app\pages\invoice\terms-of-service\terms-of-service.component.scss", "SCSS", 0, 0, 0, 15, 0, 0, 0, 0, 0, 2, 17
"d:\bubbleApp\BubbleApp-Mobile\src\app\pages\invoice\terms-of-service\terms-of-service.component.spec.ts", "TypeScript", 0, 0, 19, 0, 0, 0, 0, 0, 0, 6, 25
"d:\bubbleApp\BubbleApp-Mobile\src\app\pages\invoice\terms-of-service\terms-of-service.component.ts", "TypeScript", 0, 0, 14, 0, 0, 0, 0, 0, 0, 4, 18
"d:\bubbleApp\BubbleApp-Mobile\src\app\pages\profile-view\athlete\athelete-card\athelete-card.component.html", "HTML", 0, 0, 0, 0, 203, 0, 0, 0, 86, 14, 303
"d:\bubbleApp\BubbleApp-Mobile\src\app\pages\profile-view\athlete\athelete-card\athelete-card.component.scss", "SCSS", 0, 0, 0, 696, 0, 0, 0, 0, 3, 23, 722
"d:\bubbleApp\BubbleApp-Mobile\src\app\pages\profile-view\athlete\athelete-card\athelete-card.component.spec.ts", "TypeScript", 0, 0, 19, 0, 0, 0, 0, 0, 0, 6, 25
"d:\bubbleApp\BubbleApp-Mobile\src\app\pages\profile-view\athlete\athelete-card\athelete-card.component.ts", "TypeScript", 0, 0, 310, 0, 0, 0, 0, 0, 11, 38, 359
"d:\bubbleApp\BubbleApp-Mobile\src\app\pages\profile-view\athlete\athlete-routing.module.ts", "TypeScript", 0, 0, 14, 0, 0, 0, 0, 0, 0, 4, 18
"d:\bubbleApp\BubbleApp-Mobile\src\app\pages\profile-view\athlete\athlete.module.ts", "TypeScript", 0, 0, 19, 0, 0, 0, 0, 0, 0, 5, 24
"d:\bubbleApp\BubbleApp-Mobile\src\app\pages\profile-view\athlete\athlete.page.html", "HTML", 0, 0, 0, 0, 170, 0, 0, 0, 78, 7, 255
"d:\bubbleApp\BubbleApp-Mobile\src\app\pages\profile-view\athlete\athlete.page.scss", "SCSS", 0, 0, 0, 946, 0, 0, 0, 0, 12, 29, 987
"d:\bubbleApp\BubbleApp-Mobile\src\app\pages\profile-view\athlete\athlete.page.ts", "TypeScript", 0, 0, 209, 0, 0, 0, 0, 0, 4, 17, 230
"d:\bubbleApp\BubbleApp-Mobile\src\app\pages\profile-view\bid-payment\bid-payment-routing.module.ts", "TypeScript", 0, 0, 14, 0, 0, 0, 0, 0, 0, 4, 18
"d:\bubbleApp\BubbleApp-Mobile\src\app\pages\profile-view\bid-payment\bid-payment.module.ts", "TypeScript", 0, 0, 18, 0, 0, 0, 0, 0, 0, 5, 23
"d:\bubbleApp\BubbleApp-Mobile\src\app\pages\profile-view\bid-payment\bid-payment.page.html", "HTML", 0, 0, 0, 0, 167, 0, 0, 0, 0, 10, 177
"d:\bubbleApp\BubbleApp-Mobile\src\app\pages\profile-view\bid-payment\bid-payment.page.scss", "SCSS", 0, 0, 0, 1191, 0, 0, 0, 0, 12, 29, 1232
"d:\bubbleApp\BubbleApp-Mobile\src\app\pages\profile-view\bid-payment\bid-payment.page.spec.ts", "TypeScript", 0, 0, 19, 0, 0, 0, 0, 0, 0, 6, 25
"d:\bubbleApp\BubbleApp-Mobile\src\app\pages\profile-view\bid-payment\bid-payment.page.ts", "TypeScript", 0, 0, 191, 0, 0, 0, 0, 0, 1, 22, 214
"d:\bubbleApp\BubbleApp-Mobile\src\app\pages\profile-view\fan\fan-routing.module.ts", "TypeScript", 0, 0, 14, 0, 0, 0, 0, 0, 0, 4, 18
"d:\bubbleApp\BubbleApp-Mobile\src\app\pages\profile-view\fan\fan.module.ts", "TypeScript", 0, 0, 18, 0, 0, 0, 0, 0, 0, 5, 23
"d:\bubbleApp\BubbleApp-Mobile\src\app\pages\profile-view\fan\fan.page.html", "HTML", 0, 0, 0, 0, 83, 0, 0, 0, 4, 3, 90
"d:\bubbleApp\BubbleApp-Mobile\src\app\pages\profile-view\fan\fan.page.scss", "SCSS", 0, 0, 0, 396, 0, 0, 0, 0, 2, 7, 405
"d:\bubbleApp\BubbleApp-Mobile\src\app\pages\profile-view\fan\fan.page.ts", "TypeScript", 0, 0, 54, 0, 0, 0, 0, 0, 0, 5, 59
"d:\bubbleApp\BubbleApp-Mobile\src\app\pages\schedule\approve-request\approve-request.component.html", "HTML", 0, 0, 0, 0, 23, 0, 0, 0, 0, 3, 26
"d:\bubbleApp\BubbleApp-Mobile\src\app\pages\schedule\approve-request\approve-request.component.scss", "SCSS", 0, 0, 0, 67, 0, 0, 0, 0, 0, 4, 71
"d:\bubbleApp\BubbleApp-Mobile\src\app\pages\schedule\approve-request\approve-request.component.spec.ts", "TypeScript", 0, 0, 19, 0, 0, 0, 0, 0, 0, 6, 25
"d:\bubbleApp\BubbleApp-Mobile\src\app\pages\schedule\approve-request\approve-request.component.ts", "TypeScript", 0, 0, 14, 0, 0, 0, 0, 0, 0, 3, 17
"d:\bubbleApp\BubbleApp-Mobile\src\app\pages\schedule\cancel-message-modal\cancel-message-modal.component.html", "HTML", 0, 0, 0, 0, 17, 0, 0, 0, 0, 3, 20
"d:\bubbleApp\BubbleApp-Mobile\src\app\pages\schedule\cancel-message-modal\cancel-message-modal.component.scss", "SCSS", 0, 0, 0, 71, 0, 0, 0, 0, 0, 4, 75
"d:\bubbleApp\BubbleApp-Mobile\src\app\pages\schedule\cancel-message-modal\cancel-message-modal.component.spec.ts", "TypeScript", 0, 0, 19, 0, 0, 0, 0, 0, 0, 6, 25
"d:\bubbleApp\BubbleApp-Mobile\src\app\pages\schedule\cancel-message-modal\cancel-message-modal.component.ts", "TypeScript", 0, 0, 30, 0, 0, 0, 0, 0, 0, 5, 35
"d:\bubbleApp\BubbleApp-Mobile\src\app\pages\schedule\cancel-request-modal\cancel-request-modal.component.html", "HTML", 0, 0, 0, 0, 22, 0, 0, 0, 0, 3, 25
"d:\bubbleApp\BubbleApp-Mobile\src\app\pages\schedule\cancel-request-modal\cancel-request-modal.component.scss", "SCSS", 0, 0, 0, 67, 0, 0, 0, 0, 0, 4, 71
"d:\bubbleApp\BubbleApp-Mobile\src\app\pages\schedule\cancel-request-modal\cancel-request-modal.component.spec.ts", "TypeScript", 0, 0, 19, 0, 0, 0, 0, 0, 0, 6, 25
"d:\bubbleApp\BubbleApp-Mobile\src\app\pages\schedule\cancel-request-modal\cancel-request-modal.component.ts", "TypeScript", 0, 0, 11, 0, 0, 0, 0, 0, 0, 3, 14
"d:\bubbleApp\BubbleApp-Mobile\src\app\pages\schedule\card\card.component.html", "HTML", 0, 0, 0, 0, 400, 0, 0, 0, 9, 11, 420
"d:\bubbleApp\BubbleApp-Mobile\src\app\pages\schedule\card\card.component.scss", "SCSS", 0, 0, 0, 431, 0, 0, 0, 0, 3, 16, 450
"d:\bubbleApp\BubbleApp-Mobile\src\app\pages\schedule\card\card.component.spec.ts", "TypeScript", 0, 0, 19, 0, 0, 0, 0, 0, 0, 6, 25
"d:\bubbleApp\BubbleApp-Mobile\src\app\pages\schedule\card\card.component.ts", "TypeScript", 0, 0, 384, 0, 0, 0, 0, 0, 2, 39, 425
"d:\bubbleApp\BubbleApp-Mobile\src\app\pages\schedule\dismissmodal\dismissmodal.component.html", "HTML", 0, 0, 0, 0, 20, 0, 0, 0, 0, 3, 23
"d:\bubbleApp\BubbleApp-Mobile\src\app\pages\schedule\dismissmodal\dismissmodal.component.scss", "SCSS", 0, 0, 0, 67, 0, 0, 0, 0, 0, 4, 71
"d:\bubbleApp\BubbleApp-Mobile\src\app\pages\schedule\dismissmodal\dismissmodal.component.spec.ts", "TypeScript", 0, 0, 19, 0, 0, 0, 0, 0, 0, 6, 25
"d:\bubbleApp\BubbleApp-Mobile\src\app\pages\schedule\dismissmodal\dismissmodal.component.ts", "TypeScript", 0, 0, 11, 0, 0, 0, 0, 0, 0, 3, 14
"d:\bubbleApp\BubbleApp-Mobile\src\app\pages\schedule\meet-otp\meet-otp.component.html", "HTML", 0, 0, 0, 0, 56, 0, 0, 0, 0, 5, 61
"d:\bubbleApp\BubbleApp-Mobile\src\app\pages\schedule\meet-otp\meet-otp.component.scss", "SCSS", 0, 0, 0, 78, 0, 0, 0, 0, 0, 4, 82
"d:\bubbleApp\BubbleApp-Mobile\src\app\pages\schedule\meet-otp\meet-otp.component.spec.ts", "TypeScript", 0, 0, 19, 0, 0, 0, 0, 0, 0, 6, 25
"d:\bubbleApp\BubbleApp-Mobile\src\app\pages\schedule\meet-otp\meet-otp.component.ts", "TypeScript", 0, 0, 96, 0, 0, 0, 0, 0, 0, 13, 109
"d:\bubbleApp\BubbleApp-Mobile\src\app\pages\schedule\schedule-routing.module.ts", "TypeScript", 0, 0, 14, 0, 0, 0, 0, 0, 0, 4, 18
"d:\bubbleApp\BubbleApp-Mobile\src\app\pages\schedule\schedule.module.ts", "TypeScript", 0, 0, 37, 0, 0, 0, 0, 0, 0, 5, 42
"d:\bubbleApp\BubbleApp-Mobile\src\app\pages\schedule\schedule.page.html", "HTML", 0, 0, 0, 0, 188, 0, 0, 0, 5, 12, 205
"d:\bubbleApp\BubbleApp-Mobile\src\app\pages\schedule\schedule.page.scss", "SCSS", 0, 0, 0, 492, 0, 0, 0, 0, 2, 15, 509
"d:\bubbleApp\BubbleApp-Mobile\src\app\pages\schedule\schedule.page.spec.ts", "TypeScript", 0, 0, 19, 0, 0, 0, 0, 0, 0, 6, 25
"d:\bubbleApp\BubbleApp-Mobile\src\app\pages\schedule\schedule.page.ts", "TypeScript", 0, 0, 205, 0, 0, 0, 0, 0, 15, 26, 246
"d:\bubbleApp\BubbleApp-Mobile\src\app\pages\tabs\appereance-booking\appereance-booking.component.html", "HTML", 0, 0, 0, 0, 597, 0, 0, 0, 2, 22, 621
"d:\bubbleApp\BubbleApp-Mobile\src\app\pages\tabs\appereance-booking\appereance-booking.component.scss", "SCSS", 0, 0, 0, 580, 0, 0, 0, 0, 5, 9, 594
"d:\bubbleApp\BubbleApp-Mobile\src\app\pages\tabs\appereance-booking\appereance-booking.component.spec.ts", "TypeScript", 0, 0, 19, 0, 0, 0, 0, 0, 0, 6, 25
"d:\bubbleApp\BubbleApp-Mobile\src\app\pages\tabs\appereance-booking\appereance-booking.component.ts", "TypeScript", 0, 0, 445, 0, 0, 0, 0, 0, 5, 56, 506
"d:\bubbleApp\BubbleApp-Mobile\src\app\pages\tabs\payment\payment.component.html", "HTML", 0, 0, 0, 0, 157, 0, 0, 0, 62, 12, 231
"d:\bubbleApp\BubbleApp-Mobile\src\app\pages\tabs\payment\payment.component.scss", "SCSS", 0, 0, 0, 489, 0, 0, 0, 0, 2, 10, 501
"d:\bubbleApp\BubbleApp-Mobile\src\app\pages\tabs\payment\payment.component.spec.ts", "TypeScript", 0, 0, 19, 0, 0, 0, 0, 0, 0, 6, 25
"d:\bubbleApp\BubbleApp-Mobile\src\app\pages\tabs\payment\payment.component.ts", "TypeScript", 0, 0, 114, 0, 0, 0, 0, 0, 19, 10, 143
"d:\bubbleApp\BubbleApp-Mobile\src\app\pages\tabs\tabs-routing.module.ts", "TypeScript", 0, 0, 39, 0, 0, 0, 0, 0, 0, 4, 43
"d:\bubbleApp\BubbleApp-Mobile\src\app\pages\tabs\tabs.module.ts", "TypeScript", 0, 0, 33, 0, 0, 0, 0, 0, 0, 5, 38
"d:\bubbleApp\BubbleApp-Mobile\src\app\pages\tabs\tabs.page.html", "HTML", 0, 0, 0, 0, 84, 0, 0, 0, 0, 4, 88
"d:\bubbleApp\BubbleApp-Mobile\src\app\pages\tabs\tabs.page.scss", "SCSS", 0, 0, 0, 93, 0, 0, 0, 0, 4, 2, 99
"d:\bubbleApp\BubbleApp-Mobile\src\app\pages\tabs\tabs.page.ts", "TypeScript", 0, 0, 86, 0, 0, 0, 0, 0, 22, 17, 125
"d:\bubbleApp\BubbleApp-Mobile\src\app\pages\tabs\terms-conditions\terms-conditions.component.html", "HTML", 0, 0, 0, 0, 49, 0, 0, 0, 0, 2, 51
"d:\bubbleApp\BubbleApp-Mobile\src\app\pages\tabs\terms-conditions\terms-conditions.component.scss", "SCSS", 0, 0, 0, 32, 0, 0, 0, 0, 2, 1, 35
"d:\bubbleApp\BubbleApp-Mobile\src\app\pages\tabs\terms-conditions\terms-conditions.component.spec.ts", "TypeScript", 0, 0, 19, 0, 0, 0, 0, 0, 0, 6, 25
"d:\bubbleApp\BubbleApp-Mobile\src\app\pages\tabs\terms-conditions\terms-conditions.component.ts", "TypeScript", 0, 0, 14, 0, 0, 0, 0, 0, 0, 4, 18
"d:\bubbleApp\BubbleApp-Mobile\src\app\pages\waitlist\athlete-waitlist\athlete-waitlist.page.html", "HTML", 0, 0, 0, 0, 135, 0, 0, 0, 36, 4, 175
"d:\bubbleApp\BubbleApp-Mobile\src\app\pages\waitlist\athlete-waitlist\athlete-waitlist.page.scss", "SCSS", 0, 0, 0, 313, 0, 0, 0, 0, 6, 5, 324
"d:\bubbleApp\BubbleApp-Mobile\src\app\pages\waitlist\athlete-waitlist\athlete-waitlist.page.spec.ts", "TypeScript", 0, 0, 19, 0, 0, 0, 0, 0, 0, 6, 25
"d:\bubbleApp\BubbleApp-Mobile\src\app\pages\waitlist\athlete-waitlist\athlete-waitlist.page.ts", "TypeScript", 0, 0, 105, 0, 0, 0, 0, 0, 10, 11, 126
"d:\bubbleApp\BubbleApp-Mobile\src\app\pages\waitlist\call\call.component.html", "HTML", 0, 0, 0, 0, 49, 0, 0, 0, 6, 6, 61
"d:\bubbleApp\BubbleApp-Mobile\src\app\pages\waitlist\call\call.component.scss", "SCSS", 0, 0, 0, 120, 0, 0, 0, 0, 5, 6, 131
"d:\bubbleApp\BubbleApp-Mobile\src\app\pages\waitlist\call\call.component.spec.ts", "TypeScript", 0, 0, 19, 0, 0, 0, 0, 0, 0, 6, 25
"d:\bubbleApp\BubbleApp-Mobile\src\app\pages\waitlist\call\call.component.ts", "TypeScript", 0, 0, 312, 0, 0, 0, 0, 0, 4, 38, 354
"d:\bubbleApp\BubbleApp-Mobile\src\app\pages\waitlist\fan-waitlist\fan-waitlist.page.html", "HTML", 0, 0, 0, 0, 151, 0, 0, 0, 8, 8, 167
"d:\bubbleApp\BubbleApp-Mobile\src\app\pages\waitlist\fan-waitlist\fan-waitlist.page.scss", "SCSS", 0, 0, 0, 322, 0, 0, 0, 0, 1, 4, 327
"d:\bubbleApp\BubbleApp-Mobile\src\app\pages\waitlist\fan-waitlist\fan-waitlist.page.spec.ts", "TypeScript", 0, 0, 19, 0, 0, 0, 0, 0, 0, 6, 25
"d:\bubbleApp\BubbleApp-Mobile\src\app\pages\waitlist\fan-waitlist\fan-waitlist.page.ts", "TypeScript", 0, 0, 169, 0, 0, 0, 0, 0, 5, 22, 196
"d:\bubbleApp\BubbleApp-Mobile\src\app\pages\waitlist\incoming-call\incoming-call.component.html", "HTML", 0, 0, 0, 0, 35, 0, 0, 0, 4, 5, 44
"d:\bubbleApp\BubbleApp-Mobile\src\app\pages\waitlist\incoming-call\incoming-call.component.scss", "SCSS", 0, 0, 0, 110, 0, 0, 0, 0, 0, 5, 115
"d:\bubbleApp\BubbleApp-Mobile\src\app\pages\waitlist\incoming-call\incoming-call.component.spec.ts", "TypeScript", 0, 0, 19, 0, 0, 0, 0, 0, 0, 6, 25
"d:\bubbleApp\BubbleApp-Mobile\src\app\pages\waitlist\incoming-call\incoming-call.component.ts", "TypeScript", 0, 0, 177, 0, 0, 0, 0, 0, 0, 13, 190
"d:\bubbleApp\BubbleApp-Mobile\src\app\pages\waitlist\waitlist-routing.module.ts", "TypeScript", 0, 0, 24, 0, 0, 0, 0, 0, 0, 5, 29
"d:\bubbleApp\BubbleApp-Mobile\src\app\pages\waitlist\waitlist.module.ts", "TypeScript", 0, 0, 28, 0, 0, 0, 0, 0, 4, 7, 39
"d:\bubbleApp\BubbleApp-Mobile\src\app\pages\waitlist\waitlist.page.html", "HTML", 0, 0, 0, 0, 16, 0, 0, 0, 0, 1, 17
"d:\bubbleApp\BubbleApp-Mobile\src\app\pages\waitlist\waitlist.page.scss", "SCSS", 0, 0, 0, 0, 0, 0, 0, 0, 0, 1, 1
"d:\bubbleApp\BubbleApp-Mobile\src\app\pages\waitlist\waitlist.page.spec.ts", "TypeScript", 0, 0, 19, 0, 0, 0, 0, 0, 0, 6, 25
"d:\bubbleApp\BubbleApp-Mobile\src\app\pages\waitlist\waitlist.page.ts", "TypeScript", 0, 0, 111, 0, 0, 0, 0, 0, 3, 15, 129
"d:\bubbleApp\BubbleApp-Mobile\src\app\pages\welcome-screen\welcome-screen-routing.module.ts", "TypeScript", 0, 0, 14, 0, 0, 0, 0, 0, 0, 4, 18
"d:\bubbleApp\BubbleApp-Mobile\src\app\pages\welcome-screen\welcome-screen.module.ts", "TypeScript", 0, 0, 16, 0, 0, 0, 0, 0, 0, 5, 21
"d:\bubbleApp\BubbleApp-Mobile\src\app\pages\welcome-screen\welcome-screen.page.html", "HTML", 0, 0, 0, 0, 63, 0, 0, 0, 0, 5, 68
"d:\bubbleApp\BubbleApp-Mobile\src\app\pages\welcome-screen\welcome-screen.page.scss", "SCSS", 0, 0, 0, 69, 0, 0, 0, 0, 4, 4, 77
"d:\bubbleApp\BubbleApp-Mobile\src\app\pages\welcome-screen\welcome-screen.page.spec.ts", "TypeScript", 0, 0, 19, 0, 0, 0, 0, 0, 0, 6, 25
"d:\bubbleApp\BubbleApp-Mobile\src\app\pages\welcome-screen\welcome-screen.page.ts", "TypeScript", 0, 0, 25, 0, 0, 0, 0, 0, 0, 4, 29
"d:\bubbleApp\BubbleApp-Mobile\src\app\pipes\humanReadable\human-readable.pipe.spec.ts", "TypeScript", 0, 0, 7, 0, 0, 0, 0, 0, 0, 2, 9
"d:\bubbleApp\BubbleApp-Mobile\src\app\pipes\humanReadable\human-readable.pipe.ts", "TypeScript", 0, 0, 9, 0, 0, 0, 0, 0, 0, 4, 13
"d:\bubbleApp\BubbleApp-Mobile\src\app\pipes\pipes.module.ts", "TypeScript", 0, 0, 10, 0, 0, 0, 0, 0, 0, 1, 11
"d:\bubbleApp\BubbleApp-Mobile\src\app\pipes\profile\profile.pipe.spec.ts", "TypeScript", 0, 0, 7, 0, 0, 0, 0, 0, 0, 2, 9
"d:\bubbleApp\BubbleApp-Mobile\src\app\pipes\profile\profile.pipe.ts", "TypeScript", 0, 0, 22, 0, 0, 0, 0, 0, 0, 3, 25
"d:\bubbleApp\BubbleApp-Mobile\src\app\providers\authentication.service.ts", "TypeScript", 0, 0, 53, 0, 0, 0, 0, 0, 1, 3, 57
"d:\bubbleApp\BubbleApp-Mobile\src\app\providers\common.service.ts", "TypeScript", 0, 0, 134, 0, 0, 0, 0, 0, 1, 18, 153
"d:\bubbleApp\BubbleApp-Mobile\src\app\providers\constant.service.ts", "TypeScript", 0, 0, 35, 0, 0, 0, 0, 0, 5, 8, 48
"d:\bubbleApp\BubbleApp-Mobile\src\app\providers\core.service.ts", "TypeScript", 0, 0, 280, 0, 0, 0, 0, 0, 42, 35, 357
"d:\bubbleApp\BubbleApp-Mobile\src\app\providers\data.service.ts", "TypeScript", 0, 0, 243, 0, 0, 0, 0, 0, 52, 17, 312
"d:\bubbleApp\BubbleApp-Mobile\src\app\providers\network.service.ts", "TypeScript", 0, 0, 34, 0, 0, 0, 0, 0, 0, 8, 42
"d:\bubbleApp\BubbleApp-Mobile\src\app\utility\passwordValidator.ts", "TypeScript", 0, 0, 49, 0, 0, 0, 0, 0, 0, 12, 61
"d:\bubbleApp\BubbleApp-Mobile\src\assets\icon\approve-icon.svg", "XML", 0, 0, 0, 0, 0, 3, 0, 0, 0, 1, 4
"d:\bubbleApp\BubbleApp-Mobile\src\assets\icon\arrow-back.svg", "XML", 0, 0, 0, 0, 0, 4, 0, 0, 0, 1, 5
"d:\bubbleApp\BubbleApp-Mobile\src\assets\icon\arrow-down-black.svg", "XML", 0, 0, 0, 0, 0, 3, 0, 0, 0, 1, 4
"d:\bubbleApp\BubbleApp-Mobile\src\assets\icon\arrow-down.svg", "XML", 0, 0, 0, 0, 0, 3, 0, 0, 0, 1, 4
"d:\bubbleApp\BubbleApp-Mobile\src\assets\icon\arrow-left.svg", "XML", 0, 0, 0, 0, 0, 4, 0, 0, 0, 1, 5
"d:\bubbleApp\BubbleApp-Mobile\src\assets\icon\arrow-right.svg", "XML", 0, 0, 0, 0, 0, 3, 0, 0, 0, 1, 4
"d:\bubbleApp\BubbleApp-Mobile\src\assets\icon\bid-dollar.svg", "XML", 0, 0, 0, 0, 0, 8, 0, 0, 0, 0, 8
"d:\bubbleApp\BubbleApp-Mobile\src\assets\icon\blue-notch.svg", "XML", 0, 0, 0, 0, 0, 36, 0, 0, 0, 0, 36
"d:\bubbleApp\BubbleApp-Mobile\src\assets\icon\bubble-icon.svg", "XML", 0, 0, 0, 0, 0, 29, 0, 0, 0, 0, 29
"d:\bubbleApp\BubbleApp-Mobile\src\assets\icon\calendar-card.svg", "XML", 0, 0, 0, 0, 0, 12, 0, 0, 0, 1, 13
"d:\bubbleApp\BubbleApp-Mobile\src\assets\icon\calendar-new-1.svg", "XML", 0, 0, 0, 0, 0, 12, 0, 0, 0, 1, 13
"d:\bubbleApp\BubbleApp-Mobile\src\assets\icon\calendar-new.svg", "XML", 0, 0, 0, 0, 0, 12, 0, 0, 0, 1, 13
"d:\bubbleApp\BubbleApp-Mobile\src\assets\icon\calendar-white-small.svg", "XML", 0, 0, 0, 0, 0, 14, 0, 0, 0, 0, 14
"d:\bubbleApp\BubbleApp-Mobile\src\assets\icon\calendar-white.svg", "XML", 0, 0, 0, 0, 0, 12, 0, 0, 0, 1, 13
"d:\bubbleApp\BubbleApp-Mobile\src\assets\icon\calendar.svg", "XML", 0, 0, 0, 0, 0, 12, 0, 0, 0, 1, 13
"d:\bubbleApp\BubbleApp-Mobile\src\assets\icon\calender-blue.svg", "XML", 0, 0, 0, 0, 0, 14, 0, 0, 0, 0, 14
"d:\bubbleApp\BubbleApp-Mobile\src\assets\icon\camera-white.svg", "XML", 0, 0, 0, 0, 0, 5, 0, 0, 0, 1, 6
"d:\bubbleApp\BubbleApp-Mobile\src\assets\icon\camera.svg", "XML", 0, 0, 0, 0, 0, 5, 0, 0, 0, 1, 6
"d:\bubbleApp\BubbleApp-Mobile\src\assets\icon\cancel-cross.svg", "XML", 0, 0, 0, 0, 0, 9, 0, 0, 0, 0, 9
"d:\bubbleApp\BubbleApp-Mobile\src\assets\icon\card-new.svg", "XML", 0, 0, 0, 0, 0, 6, 0, 0, 0, 1, 7
"d:\bubbleApp\BubbleApp-Mobile\src\assets\icon\card-number.svg", "XML", 0, 0, 0, 0, 0, 6, 0, 0, 0, 1, 7
"d:\bubbleApp\BubbleApp-Mobile\src\assets\icon\chat-black.svg", "XML", 0, 0, 0, 0, 0, 6, 0, 0, 0, 1, 7
"d:\bubbleApp\BubbleApp-Mobile\src\assets\icon\chat.svg", "XML", 0, 0, 0, 0, 0, 8, 0, 0, 0, 0, 8
"d:\bubbleApp\BubbleApp-Mobile\src\assets\icon\check-green.svg", "XML", 0, 0, 0, 0, 0, 4, 0, 0, 0, 0, 4
"d:\bubbleApp\BubbleApp-Mobile\src\assets\icon\checkmark-white-old.svg", "XML", 0, 0, 0, 0, 0, 3, 0, 0, 0, 1, 4
"d:\bubbleApp\BubbleApp-Mobile\src\assets\icon\checkmark-white.svg", "XML", 0, 0, 0, 0, 0, 4, 0, 0, 0, 1, 5
"d:\bubbleApp\BubbleApp-Mobile\src\assets\icon\clock.svg", "XML", 0, 0, 0, 0, 0, 7, 0, 0, 0, 0, 7
"d:\bubbleApp\BubbleApp-Mobile\src\assets\icon\close-btn.svg", "XML", 0, 0, 0, 0, 0, 12, 0, 0, 0, 1, 13
"d:\bubbleApp\BubbleApp-Mobile\src\assets\icon\cvv-new.svg", "XML", 0, 0, 0, 0, 0, 6, 0, 0, 0, 1, 7
"d:\bubbleApp\BubbleApp-Mobile\src\assets\icon\cvv.svg", "XML", 0, 0, 0, 0, 0, 6, 0, 0, 0, 1, 7
"d:\bubbleApp\BubbleApp-Mobile\src\assets\icon\delete-acc.svg", "XML", 0, 0, 0, 0, 0, 6, 0, 0, 0, 1, 7
"d:\bubbleApp\BubbleApp-Mobile\src\assets\icon\delete.svg", "XML", 0, 0, 0, 0, 0, 7, 0, 0, 0, 1, 8
"d:\bubbleApp\BubbleApp-Mobile\src\assets\icon\document.svg", "XML", 0, 0, 0, 0, 0, 6, 0, 0, 0, 1, 7
"d:\bubbleApp\BubbleApp-Mobile\src\assets\icon\dolor.svg", "XML", 0, 0, 0, 0, 0, 4, 0, 0, 0, 1, 5
"d:\bubbleApp\BubbleApp-Mobile\src\assets\icon\duration-small.svg", "XML", 0, 0, 0, 0, 0, 10, 0, 0, 0, 0, 10
"d:\bubbleApp\BubbleApp-Mobile\src\assets\icon\duration.svg", "XML", 0, 0, 0, 0, 0, 5, 0, 0, 0, 1, 6
"d:\bubbleApp\BubbleApp-Mobile\src\assets\icon\email.svg", "XML", 0, 0, 0, 0, 0, 8, 0, 0, 0, 1, 9
"d:\bubbleApp\BubbleApp-Mobile\src\assets\icon\end-call.svg", "XML", 0, 0, 0, 0, 0, 5, 0, 0, 0, 0, 5
"d:\bubbleApp\BubbleApp-Mobile\src\assets\icon\event-name.svg", "XML", 0, 0, 0, 0, 0, 6, 0, 0, 0, 1, 7
"d:\bubbleApp\BubbleApp-Mobile\src\assets\icon\filter-icon.svg", "XML", 0, 0, 0, 0, 0, 3, 0, 0, 0, 1, 4
"d:\bubbleApp\BubbleApp-Mobile\src\assets\icon\flip-camara.svg", "XML", 0, 0, 0, 0, 0, 6, 0, 0, 0, 1, 7
"d:\bubbleApp\BubbleApp-Mobile\src\assets\icon\hide.svg", "XML", 0, 0, 0, 0, 0, 11, 0, 0, 0, 1, 12
"d:\bubbleApp\BubbleApp-Mobile\src\assets\icon\highest-bid.svg", "XML", 0, 0, 0, 0, 0, 8, 0, 0, 0, 1, 9
"d:\bubbleApp\BubbleApp-Mobile\src\assets\icon\in-person.svg", "XML", 0, 0, 0, 0, 0, 20, 0, 0, 0, 0, 20
"d:\bubbleApp\BubbleApp-Mobile\src\assets\icon\info-red.svg", "XML", 0, 0, 0, 0, 0, 3, 0, 0, 0, 1, 4
"d:\bubbleApp\BubbleApp-Mobile\src\assets\icon\info-white.svg", "XML", 0, 0, 0, 0, 0, 3, 0, 0, 0, 1, 4
"d:\bubbleApp\BubbleApp-Mobile\src\assets\icon\join-video.svg", "XML", 0, 0, 0, 0, 0, 23, 0, 0, 0, 0, 23
"d:\bubbleApp\BubbleApp-Mobile\src\assets\icon\list-icon.svg", "XML", 0, 0, 0, 0, 0, 6, 0, 0, 0, 1, 7
"d:\bubbleApp\BubbleApp-Mobile\src\assets\icon\location.svg", "XML", 0, 0, 0, 0, 0, 8, 0, 0, 0, 0, 8
"d:\bubbleApp\BubbleApp-Mobile\src\assets\icon\lock-black.svg", "XML", 0, 0, 0, 0, 0, 9, 0, 0, 0, 1, 10
"d:\bubbleApp\BubbleApp-Mobile\src\assets\icon\lock.svg", "XML", 0, 0, 0, 0, 0, 5, 0, 0, 0, 1, 6
"d:\bubbleApp\BubbleApp-Mobile\src\assets\icon\login-red.svg", "XML", 0, 0, 0, 0, 0, 5, 0, 0, 0, 1, 6
"d:\bubbleApp\BubbleApp-Mobile\src\assets\icon\meet-up.svg", "XML", 0, 0, 0, 0, 0, 14, 0, 0, 0, 0, 14
"d:\bubbleApp\BubbleApp-Mobile\src\assets\icon\mobile.svg", "XML", 0, 0, 0, 0, 0, 7, 0, 0, 0, 1, 8
"d:\bubbleApp\BubbleApp-Mobile\src\assets\icon\notification.svg", "XML", 0, 0, 0, 0, 0, 4, 0, 0, 0, 1, 5
"d:\bubbleApp\BubbleApp-Mobile\src\assets\icon\phone.svg", "XML", 0, 0, 0, 0, 0, 7, 0, 0, 0, 1, 8
"d:\bubbleApp\BubbleApp-Mobile\src\assets\icon\profile.svg", "XML", 0, 0, 0, 0, 0, 4, 0, 0, 0, 1, 5
"d:\bubbleApp\BubbleApp-Mobile\src\assets\icon\reject-icon.svg", "XML", 0, 0, 0, 0, 0, 4, 0, 0, 0, 1, 5
"d:\bubbleApp\BubbleApp-Mobile\src\assets\icon\right-green-.svg", "XML", 0, 0, 0, 0, 0, 3, 0, 0, 0, 1, 4
"d:\bubbleApp\BubbleApp-Mobile\src\assets\icon\right-green.svg", "XML", 0, 0, 0, 0, 0, 3, 0, 0, 0, 1, 4
"d:\bubbleApp\BubbleApp-Mobile\src\assets\icon\share-icon.svg", "XML", 0, 0, 0, 0, 0, 3, 0, 0, 0, 1, 4
"d:\bubbleApp\BubbleApp-Mobile\src\assets\icon\share.svg", "XML", 0, 0, 0, 0, 0, 5, 0, 0, 0, 0, 5
"d:\bubbleApp\BubbleApp-Mobile\src\assets\icon\show.svg", "XML", 0, 0, 0, 0, 0, 8, 0, 0, 0, 1, 9
"d:\bubbleApp\BubbleApp-Mobile\src\assets\icon\tabs-main.svg", "XML", 0, 0, 0, 0, 0, 27, 0, 0, 0, 1, 28
"d:\bubbleApp\BubbleApp-Mobile\src\assets\icon\team.svg", "XML", 0, 0, 0, 0, 0, 12, 0, 0, 0, 1, 13
"d:\bubbleApp\BubbleApp-Mobile\src\assets\icon\time-circle.svg", "XML", 0, 0, 0, 0, 0, 4, 0, 0, 0, 1, 5
"d:\bubbleApp\BubbleApp-Mobile\src\assets\icon\user-icon.svg", "XML", 0, 0, 0, 0, 0, 4, 0, 0, 0, 1, 5
"d:\bubbleApp\BubbleApp-Mobile\src\assets\icon\user.svg", "XML", 0, 0, 0, 0, 0, 8, 0, 0, 0, 1, 9
"d:\bubbleApp\BubbleApp-Mobile\src\assets\icon\video-call-off.svg", "XML", 0, 0, 0, 0, 0, 5, 0, 0, 0, 1, 6
"d:\bubbleApp\BubbleApp-Mobile\src\assets\icon\video-call.svg", "XML", 0, 0, 0, 0, 0, 4, 0, 0, 0, 1, 5
"d:\bubbleApp\BubbleApp-Mobile\src\assets\icon\video.svg", "XML", 0, 0, 0, 0, 0, 8, 0, 0, 0, 0, 8
"d:\bubbleApp\BubbleApp-Mobile\src\assets\icon\voice-off.svg", "XML", 0, 0, 0, 0, 0, 6, 0, 0, 0, 1, 7
"d:\bubbleApp\BubbleApp-Mobile\src\assets\icon\voice.svg", "XML", 0, 0, 0, 0, 0, 5, 0, 0, 0, 1, 6
"d:\bubbleApp\BubbleApp-Mobile\src\assets\images\apple-pay-gray.svg", "XML", 0, 0, 0, 0, 0, 8, 0, 0, 0, 1, 9
"d:\bubbleApp\BubbleApp-Mobile\src\assets\images\apple-pay.svg", "XML", 0, 0, 0, 0, 0, 8, 0, 0, 0, 1, 9
"d:\bubbleApp\BubbleApp-Mobile\src\assets\images\auth-img.svg", "XML", 0, 0, 0, 0, 0, 76, 0, 0, 0, 1, 77
"d:\bubbleApp\BubbleApp-Mobile\src\assets\images\call-green.svg", "XML", 0, 0, 0, 0, 0, 15, 0, 0, 0, 1, 16
"d:\bubbleApp\BubbleApp-Mobile\src\assets\images\call-red.svg", "XML", 0, 0, 0, 0, 0, 15, 0, 0, 0, 1, 16
"d:\bubbleApp\BubbleApp-Mobile\src\assets\images\card-icn-white.svg", "XML", 0, 0, 0, 0, 0, 4, 0, 0, 0, 1, 5
"d:\bubbleApp\BubbleApp-Mobile\src\assets\images\card-icn.svg", "XML", 0, 0, 0, 0, 0, 4, 0, 0, 0, 1, 5
"d:\bubbleApp\BubbleApp-Mobile\src\assets\images\facebook.svg", "XML", 0, 0, 0, 0, 0, 3, 0, 0, 0, 1, 4
"d:\bubbleApp\BubbleApp-Mobile\src\assets\images\google.svg", "XML", 0, 0, 0, 0, 0, 6, 0, 0, 0, 1, 7
"d:\bubbleApp\BubbleApp-Mobile\src\assets\images\logo-auth.svg", "XML", 0, 0, 0, 0, 0, 19, 0, 0, 0, 1, 20
"d:\bubbleApp\BubbleApp-Mobile\src\assets\images\logo-text.svg", "XML", 0, 0, 0, 0, 0, 27, 0, 0, 0, 1, 28
"d:\bubbleApp\BubbleApp-Mobile\src\assets\images\logo.svg", "XML", 0, 0, 0, 0, 0, 27, 0, 0, 0, 1, 28
"d:\bubbleApp\BubbleApp-Mobile\src\assets\images\profile-bg.svg", "XML", 0, 0, 0, 0, 0, 166, 0, 0, 0, 0, 166
"d:\bubbleApp\BubbleApp-Mobile\src\assets\images\single-logo.svg", "XML", 0, 0, 0, 0, 0, 26, 0, 0, 0, 1, 27
"d:\bubbleApp\BubbleApp-Mobile\src\assets\shapes.svg", "XML", 0, 0, 0, 0, 0, 1, 0, 0, 0, 1, 2
"d:\bubbleApp\BubbleApp-Mobile\src\environments\environment.prod.ts", "TypeScript", 0, 0, 3, 0, 0, 0, 0, 0, 0, 1, 4
"d:\bubbleApp\BubbleApp-Mobile\src\environments\environment.ts", "TypeScript", 0, 0, 3, 0, 0, 0, 0, 0, 11, 3, 17
"d:\bubbleApp\BubbleApp-Mobile\src\global.scss", "SCSS", 0, 0, 0, 598, 0, 0, 0, 0, 25, 39, 662
"d:\bubbleApp\BubbleApp-Mobile\src\index.html", "HTML", 0, 0, 0, 0, 60, 0, 0, 0, 9, 11, 80
"d:\bubbleApp\BubbleApp-Mobile\src\main.ts", "TypeScript", 0, 0, 9, 0, 0, 0, 0, 0, 0, 4, 13
"d:\bubbleApp\BubbleApp-Mobile\src\polyfills.ts", "TypeScript", 0, 0, 3, 0, 0, 0, 0, 0, 55, 8, 66
"d:\bubbleApp\BubbleApp-Mobile\src\test.ts", "TypeScript", 0, 0, 18, 0, 0, 0, 0, 0, 4, 4, 26
"d:\bubbleApp\BubbleApp-Mobile\src\theme\variables.scss", "SCSS", 0, 0, 0, 210, 0, 0, 0, 0, 29, 46, 285
"d:\bubbleApp\BubbleApp-Mobile\src\zone-flags.ts", "TypeScript", 0, 0, 1, 0, 0, 0, 0, 0, 5, 1, 7
"d:\bubbleApp\BubbleApp-Mobile\tsconfig.app.json", "JSON", 14, 0, 0, 0, 0, 0, 0, 0, 1, 1, 16
"d:\bubbleApp\BubbleApp-Mobile\tsconfig.json", "JSON with Comments", 0, 22, 0, 0, 0, 0, 0, 0, 1, 1, 24
"d:\bubbleApp\BubbleApp-Mobile\tsconfig.spec.json", "JSON", 17, 0, 0, 0, 0, 0, 0, 0, 1, 1, 19
"Total", "-", 31750, 22, 8208, 15917, 5433, 985, 103, 1314, 2079, 2594, 68405